{
  "widgetApi": [
    {
      "name": "HM_mainframe_widget"
    }
  ],
  "widgetDescription": "",
  "authorName": "",
  "width": "",
  "height": "",
  "i18n": [
    {
      "name": "messages-en"
    },
    {
      "name": "messages-zh"
    }
  ],
  "requires": [
    {
      "name": "global_Vue",
      "version": "100.7"
    },
    {
      "name": "global_VueI18n",
      "version": "100.7"
    },
	  {
      "name": "global_Element",
      "version": "100.9"
    },
    {
      "name": "global_xss",
      "version": "100.7"
    },
    {
      "name": "global_SCThemeCSS4IOC",
      "version": "3.2.0"
    }
  ]
}