{
	"zh-CN": {
        "upload":"操作",
        "enterOrganizationRegion":"请输入所属区域",
        "organizationRegion":"所属区域",
        "organizationName":"企业名称",
        "industry":"所属行业",
        "organizationLevel":"企业等级",
        "establishDate":"成立日期",
        "comStatus":"企业状态",
        "region":"所属区域",
		"key" : "value",
        "passTimeColumn": "通行时间",
        "personNameColumn": "人员姓名",
        "personTypeColumn": "人员类型",
        "identificationMethodColumn": "识别方式",
        "gateOpenColumn": "是否开闸",
        "personTypePickTitle": "人员类型",
        "selectPersonType": "请选择人员类型",
        "identificationMethodPickTitle": "识别方式",
        "selectIdentificationMethod": "请选择识别方式",
        "gateOpenPickTitle": "是否开闸",
        "doFlagPickTitle": "是否包含本地通行记录",
        "parkFlagPickTitle": "仅显示当前园区记录",
        "selectGateOpen": "请选择是否开闸",
        "selectDOFlag": "请选择是否获取数据服务来源",
        "timeSegment": "时间段",
        "startDate": "开始日期",
        "endDate": "结束日期",
        "personNameInputTitle": "人员姓名",
        "organizationInputTitle":"企业名称",
        "enterPersonName": "请输入人员姓名",
        "enterOrganizationName": "请输入企业名称",
        "searchBtn": "查询",
        "resetBtn": "重置",
        "passAttachmentColumn": "通行附件",
        "entranceAndExitColumn": "出入口",
        "trafficDirection": "通行方向",
        "personTypeNoneSelect": "未登记",
        "yesTrue":"是",
        "noFalse":"否",
        "outOut":"出",
        "inIn":"入",
        "noTimeSegmentError":"请选择需要查询的时间段。",
        "unknown":"未知",
        "visitor":"访客",
        "staff":"员工",
        "student":"学生",
        "teacher":"老师",
        "safe":"安防",
        "security":"安保",
        "test":"测试",
        "testType":"测试类型",
        "unregistered":"未登记",
        "unregister":"未注册",
        "uploadSuccess":"上传成功",
        "information":"提示",
        "oktext1":"确定",
        "errortext1":"错误"
	}
}