{
	"en-US": {
        "enterOrganizationRegion":"Enter Organization Region",
        "organizationRegion":"Organization Origon",
		"key" : "value",
        "passTimeColumn": "Pass Time",
        "personNameColumn": "Person Name",
        "personTypeColumn": "Person Type",
        "identificationMethodColumn": "ID Method",
        "gateOpenColumn": "Gate Open",
        "personTypePickTitle": "Person Type",
        "selectPersonType": "Select Person Type",
        "identificationMethodPickTitle": "Identification Method",
        "selectIdentificationMethod": "Select Identification Method",
        "gateOpenPickTitle": "Gate Open",
        "doFlagPickTitle": "Whether to include local traffic records",
        "parkFlagPickTitle": "Show only current park records",
        "selectGateOpen": "Select Gate Open",
        "selectDOFlag": "Select Access Records Queried by DO Flag",
        "timeSegment": "Time Segment",
        "startDate": "Start Date",
        "endDate": "End Date",
        "personNameInputTitle": "Person Name",
        "organizationInputTitle":"Organization Name",
        "enterPersonName": "Enter Person Name",
        "enterOrganizationName": "Enter Organization Name",
        "searchBtn": "Search",
        "resetBtn": "Reset",
        "passAttachmentColumn": "Pass Attachment",
        "entranceAndExitColumn": "Entry/Exit",
        "trafficDirection": "Traffic Direction",
        "personTypeNoneSelect": "Unregistered",
        "yesTrue":"Yes",
        "noFalse":"No",
        "outOut":"Out",
        "inIn":"In",
        "noTimeSegmentError":"Please select time segment to be queried.",
        "unknown":"Unknown",
        "visitor":"Visitor",
        "staff":"Staff",
        "student":"Student",
        "teacher":"Teacher",
        "safe":"Safe",
        "security":"Security",
        "test":"Test",
        "testType":"Test Type",
        "unregistered":"Unregistered",
        "unregister":"Unregister"
	}
}