{
	"zh-CN": {
		"key" : "value",
        "passTimeColumn": "通行时间",
        "personNameColumn": "人员姓名",
        "personTypeColumn": "人员类型",
        "identificationMethodColumn": "通行方式",
        "accessArea":"通行区域",
        "accessCompany":"访问公司",
        "gateOpenColumn": "是否开闸",
        "personTypePickTitle": "人员类型",
        "selectPersonType": "请选择人员类型",
        "identificationMethodPickTitle": "匹配方式",
        "selectIdentificationMethod": "请选择匹配方式",
        "gateOpenPickTitle": "是否开闸",
        "doFlagPickTitle": "是否包含本地通行记录",
        "parkFlagPickTitle": "仅显示当前园区记录",
        "selectGateOpen": "请选择是否开闸",
        "selectDOFlag": "请选择是否获取数据服务来源",
        "timeSegment": "时间段",
        "startDate": "开始日期",
        "endDate": "结束日期",
        "personNameInputTitle": "人员姓名",
        "companyNameInputTitle":"公司名称",
        "enterPersonName": "请输入人员姓名",
        "enterOrganizationName":"请输入公司名称",
        "searchBtn": "查询",
        "resetBtn": "重置",
        "passAttachmentColumn": "通行附件",
        "entranceAndExitColumn": "出入口",
        "trafficDirection": "通行方向",
        "personTypeNoneSelect": "未登记",
        "yesTrue":"是",
        "noFalse":"否",
        "outOut":"出",
        "inIn":"入",
        "noTimeSegmentError":"请选择需要查询的时间段。",
        "multiParkQueryError":"多园区查询数量最大不得超过50个。",
        "unknown":"未知",
        "visitor":"访客",
        "staff":"员工",
        "student":"学生",
        "teacher":"老师",
        "safe":"安防",
        "security":"安保",
        "test":"测试",
        "testType":"测试类型",
        "unregistered":"未登记",
        "unregister":"未注册",
        "notifyTitle": "温馨提醒",
        "notifyMinTip": "当前空间节点下没有园区，不支持查询通行记录统计数据，请在右上角重新选择空间节点。",
        "notifyMaxTip": "当前空间节点下园区数量超过50，不支持查询通行记录统计数据，请在右上角重新选择空间节点。",
        "error":"错误",
        "confirm":"确定"
	}
}