{
	"en-US": {
		"key" : "value",
        "passTimeColumn": "Pass Time",
        "personNameColumn": "Person Name",
        "personTypeColumn": "Person Type",
        "identificationMethodColumn": "ID Method",
        "gateOpenColumn": "Gate Open",
        "personTypePickTitle": "Person Type",
        "selectPersonType": "Select Person Type",
        "identificationMethodPickTitle": "Matching Method",
        "selectIdentificationMethod": "Select Matching Method",
        "gateOpenPickTitle": "Gate Open",
        "doFlagPickTitle": "Whether to include local traffic records",
        "parkFlagPickTitle": "Show only current park records",
        "selectGateOpen": "Select Gate Open",
        "selectDOFlag": "Select Access Records Queried by DO Flag",
        "timeSegment": "Time Segment",
        "startDate": "Start Date",
        "endDate": "End Date",
        "personNameInputTitle": "Person Name",
        "companyNameInputTitle":"Company Name",
        "enterPersonName": "Enter Person Name",
        "enterOrganizationName":"Enter Company Name",
        "searchBtn": "Search",
        "resetBtn": "Reset",
        "passAttachmentColumn": "Pass Attachment",
        "entranceAndExitColumn": "Entry/Exit",
        "trafficDirection": "Traffic Direction",
        "personTypeNoneSelect": "Unregistered",
        "yesTrue":"Yes",
        "noFalse":"No",
        "outOut":"Out",
        "inIn":"In",
        "noTimeSegmentError":"Please select time segment to be queried.",
        "multiParkQueryError":"The maximum number of multi Park queries should not exceed 50.",
        "unknown":"Unknown",
        "visitor":"Visitor",
        "staff":"Staff",
        "student":"Student",
        "teacher":"Teacher",
        "safe":"Safe",
        "security":"Security",
        "test":"Test",
        "testType":"Test Type",
        "unregistered":"Unregistered",
        "unregister":"Unregister",
        "notifyTitle": "Tips",
        "notifyMinTip": "There is no park under the current space node. Query of traffic record statistics is not supported. Please re select the space node in the upper right corner.",
        "notifyMaxTip": "The number of Parks under the current space node exceeds 50. It is not supported to query the traffic record statistics. Please re select the space node in the upper right corner.",
        "error":"Error",
        "confirm":"Confirm"
	}
}