{
    "zh-CN": {
        "key": "value",
        "enterUsername": "请输入用户名",
        "enterPassword": "请输入密码",
        "enterTheVerificationCode": "请输入验证码",
        "clickToRefreshTheVerificationCode": "点击刷新验证码",
        "logIn": "登录",
        "toEnsureInformationSecurity": "为了您的信息安全，新密码需满足以下要求",
        "thePasswordMustBeAtLeast": "与旧密码至少有",
        "charactersThatCannotBeRepeated": "个不重复字符",
        "enterTheOldPassword": "请输入旧密码",
        "enterANewPassword": "请输入新密码",
        "enterTheNewPasswordAgain": "请再次输入新密码",
        "cancel": "取消",
        "ok": "确定",
        "notProcessed": "暂不处理",
        "modified": "修改",
        "goNow": "立即前往",
        "iHaveReadAndAgree": "我已阅读并同意",
        "cancel2": "取 消",
        "tips": "温馨提示：系统检测到您当前使用的是IE浏览器，为获取最佳体验，建议您使用谷歌浏览器继续访问。",
        "ifGoogleChromeIsNotInstalled": "若未安装谷歌浏览器，请 ",
        "goToDownload": "前往下载",
        "pleaseAgreeToTheSmart": "请先同意",
        "systemError": "系统异常，请联系系统管理员",
        "toEnsureAccountSecurityChangeThePassword": "为了您的账号安全，请您立即修改密码",
        "daysToEnsureAccountSecurity": "天到期，为了您的账号安全，建议您立即修改密码",
        "yourPasswordIsStillValid": "您的密码还有",
        "yourPasswordHasExpired": "您的密码已到期，请您立即修改密码",
        "theMinimumLengthIs": "最小长度为",
        "digits": "位",
        "theMaximumLengthIs": "最大长度为",
        "atLeast": "至少包含",
        "uppercaseLetters": "大写字母",
        "lowercaseLetters": "小写字母",
        "digit": "数字",
        "specialCharacters": "特殊字符",
        "enterAtLeast": "请至少设置",
        "characters": "位字符",
        "thePasswordCanContainMaximumOf": "密码设置不能超过",
        "containAtLeastOneUppercase": "至少包含一个大写字母",
        "containAtLeastOneLowercase": "至少包含一个小写字母",
        "containAtLeastOneDigit": "至少包含一个数字",
        "thePasswordMustBeTheSame": "密码需保持一致",
        "pleaseConfirmThePassword": "请确认密码",
        "theTwoPasswordMustBeTheSame": "两次密码请保持一致",
        "passwordChangedSuccessfully": "密码修改成功，请重新登录",
        "theUserHasBeenDisabled": "该用户已被禁用，请联系系统管理员",
        "loginFailedTheIAMUser": "登录失败，该IAM用户暂未关联园区用户或关联的园区用户无效，请联系系统管理员",
        "forgetPassword": "忘记密码",
        "thirdPartyLogin": "其他登录方式",
        "bind": "绑定并登录",
        "user": "用户",
        "bindText": "已存在，请绑定",
        "passwordError": "密码错误",
        "illegalRedirectUrl": "重定向地址非法"
    }
}